id,sentence,difficulty
0,Le chat dort sur le sofa.,A1
1,"Malgré les critiques, le réalisateur a persisté à suivre sa vision originale pour le film.",C1
2,"Malgré les critiques, le réalisateur a persisté à suivre sa vision originale pour le film.",A1
3,"Malgré les critiques, le réalisateur a persisté à suivre sa vision originale pour le film.",A1
4,Le chat dort sur le sofa.,A1
5,"Bien que le temps soit froid, nous avons décidé de faire une promenade.",C1
6,Elle mange souvent des fruits au petit déjeuner.,C1
7,"Malgré les critiques, le réalisateur a persisté à suivre sa vision originale pour le film.",A1
8,"Malgré les critiques, le réalisateur a persisté à suivre sa vision originale pour le film.",C1
9,"Bien que le temps soit froid, nous avons décidé de faire une promenade.",C1
10,"Bien que le temps soit froid, nous avons décidé de faire une promenade.",A1
11,Elle mange souvent des fruits au petit déjeuner.,C1
12,"Quand j'étais petit, j'allais à l'école à pied.",C1
13,"Malgré les critiques, le réalisateur a persisté à suivre sa vision originale pour le film.",C1
14,Le chat dort sur le sofa.,C1
15,Le chat dort sur le sofa.,C1
16,Le chat dort sur le sofa.,C1
17,"Bien que le temps soit froid, nous avons décidé de faire une promenade.",C1
18,"Malgré les critiques, le réalisateur a persisté à suivre sa vision originale pour le film.",A1
19,Elle mange souvent des fruits au petit déjeuner.,C1
20,Elle mange souvent des fruits au petit déjeuner.,C1
21,"Bien que le temps soit froid, nous avons décidé de faire une promenade.",A1
22,Elle mange souvent des fruits au petit déjeuner.,A1
23,"Quand j'étais petit, j'allais à l'école à pied.",C1
24,"Quand j'étais petit, j'allais à l'école à pied.",A1
25,"Malgré les critiques, le réalisateur a persisté à suivre sa vision originale pour le film.",C1
26,"Malgré les critiques, le réalisateur a persisté à suivre sa vision originale pour le film.",A1
27,Le chat dort sur le sofa.,C1
28,"Bien que le temps soit froid, nous avons décidé de faire une promenade.",A1
29,"Malgré les critiques, le réalisateur a persisté à suivre sa vision originale pour le film.",C1
30,"Malgré les critiques, le réalisateur a persisté à suivre sa vision originale pour le film.",C1
31,"Bien que le temps soit froid, nous avons décidé de faire une promenade.",C1
32,"Quand j'étais petit, j'allais à l'école à pied.",A1
33,"Quand j'étais petit, j'allais à l'école à pied.",C1
34,"Quand j'étais petit, j'allais à l'école à pied.",A1
35,"Quand j'étais petit, j'allais à l'école à pied.",C1
36,Elle mange souvent des fruits au petit déjeuner.,A1
37,"Malgré les critiques, le réalisateur a persisté à suivre sa vision originale pour le film.",A1
38,"Bien que le temps soit froid, nous avons décidé de faire une promenade.",A1
39,"Quand j'étais petit, j'allais à l'école à pied.",A1
40,"Quand j'étais petit, j'allais à l'école à pied.",A1
41,Elle mange souvent des fruits au petit déjeuner.,A1
42,"Malgré les critiques, le réalisateur a persisté à suivre sa vision originale pour le film.",A1
43,"Malgré les critiques, le réalisateur a persisté à suivre sa vision originale pour le film.",C1
44,"Malgré les critiques, le réalisateur a persisté à suivre sa vision originale pour le film.",A1
45,Le chat dort sur le sofa.,C1
46,Elle mange souvent des fruits au petit déjeuner.,A1
47,Elle mange souvent des fruits au petit déjeuner.,C1
48,"Bien que le temps soit froid, nous avons décidé de faire une promenade.",C1
49,"Bien que le temps soit froid, nous avons décidé de faire une promenade.",C1
50,"Bien que le temps soit froid, nous avons décidé de faire une promenade.",C1
51,"Quand j'étais petit, j'allais à l'école à pied.",C1
52,"Quand j'étais petit, j'allais à l'école à pied.",C1
53,"Quand j'étais petit, j'allais à l'école à pied.",A1
54,"Bien que le temps soit froid, nous avons décidé de faire une promenade.",C1
55,Le chat dort sur le sofa.,A1
56,"Quand j'étais petit, j'allais à l'école à pied.",A1
57,"Bien que le temps soit froid, nous avons décidé de faire une promenade.",C1
58,Elle mange souvent des fruits au petit déjeuner.,C1
59,"Malgré les critiques, le réalisateur a persisté à suivre sa vision originale pour le film.",C1
60,Le chat dort sur le sofa.,C1
61,Elle mange souvent des fruits au petit déjeuner.,A1
62,"Malgré les critiques, le réalisateur a persisté à suivre sa vision originale pour le film.",A1
63,"Quand j'étais petit, j'allais à l'école à pied.",C1
64,Le chat dort sur le sofa.,C1
65,Le chat dort sur le sofa.,C1
66,"Bien que le temps soit froid, nous avons décidé de faire une promenade.",A1
67,Le chat dort sur le sofa.,A1
68,Elle mange souvent des fruits au petit déjeuner.,A1
69,Le chat dort sur le sofa.,C1
70,"Bien que le temps soit froid, nous avons décidé de faire une promenade.",C1
71,"Bien que le temps soit froid, nous avons décidé de faire une promenade.",A1
72,"Malgré les critiques, le réalisateur a persisté à suivre sa vision originale pour le film.",A1
73,"Bien que le temps soit froid, nous avons décidé de faire une promenade.",C1
74,"Bien que le temps soit froid, nous avons décidé de faire une promenade.",A1
75,"Malgré les critiques, le réalisateur a persisté à suivre sa vision originale pour le film.",A1
76,"Bien que le temps soit froid, nous avons décidé de faire une promenade.",C1
77,"Bien que le temps soit froid, nous avons décidé de faire une promenade.",C1
78,"Bien que le temps soit froid, nous avons décidé de faire une promenade.",C1
79,"Quand j'étais petit, j'allais à l'école à pied.",C1
80,"Quand j'étais petit, j'allais à l'école à pied.",C1
81,Elle mange souvent des fruits au petit déjeuner.,A1
82,Elle mange souvent des fruits au petit déjeuner.,A1
83,Le chat dort sur le sofa.,C1
84,Elle mange souvent des fruits au petit déjeuner.,C1
85,"Malgré les critiques, le réalisateur a persisté à suivre sa vision originale pour le film.",C1
86,Elle mange souvent des fruits au petit déjeuner.,A1
87,"Quand j'étais petit, j'allais à l'école à pied.",A1
88,"Quand j'étais petit, j'allais à l'école à pied.",C1
89,"Malgré les critiques, le réalisateur a persisté à suivre sa vision originale pour le film.",C1
90,Le chat dort sur le sofa.,C1
91,"Quand j'étais petit, j'allais à l'école à pied.",A1
92,"Malgré les critiques, le réalisateur a persisté à suivre sa vision originale pour le film.",C1
93,"Bien que le temps soit froid, nous avons décidé de faire une promenade.",C1
94,Elle mange souvent des fruits au petit déjeuner.,C1
95,Elle mange souvent des fruits au petit déjeuner.,C1
96,"Quand j'étais petit, j'allais à l'école à pied.",C1
97,"Bien que le temps soit froid, nous avons décidé de faire une promenade.",A1
98,Elle mange souvent des fruits au petit déjeuner.,A1
99,"Quand j'étais petit, j'allais à l'école à pied.",A1
100,"Malgré les critiques, le réalisateur a persisté à suivre sa vision originale pour le film.",A1
101,"Quand j'étais petit, j'allais à l'école à pied.",A1
102,Le chat dort sur le sofa.,C1
103,Le chat dort sur le sofa.,A1
104,"Bien que le temps soit froid, nous avons décidé de faire une promenade.",A1
105,"Malgré les critiques, le réalisateur a persisté à suivre sa vision originale pour le film.",C1
106,Le chat dort sur le sofa.,C1
107,Le chat dort sur le sofa.,A1
108,Le chat dort sur le sofa.,A1
109,"Quand j'étais petit, j'allais à l'école à pied.",A1
110,Le chat dort sur le sofa.,A1
111,"Quand j'étais petit, j'allais à l'école à pied.",A1
112,Le chat dort sur le sofa.,A1
113,"Bien que le temps soit froid, nous avons décidé de faire une promenade.",C1
114,Elle mange souvent des fruits au petit déjeuner.,A1
115,"Malgré les critiques, le réalisateur a persisté à suivre sa vision originale pour le film.",A1
116,"Quand j'étais petit, j'allais à l'école à pied.",A1
117,Le chat dort sur le sofa.,A1
118,"Quand j'étais petit, j'allais à l'école à pied.",A1
119,"Malgré les critiques, le réalisateur a persisté à suivre sa vision originale pour le film.",A1
120,Elle mange souvent des fruits au petit déjeuner.,A1
121,Le chat dort sur le sofa.,C1
122,"Bien que le temps soit froid, nous avons décidé de faire une promenade.",C1
123,Elle mange souvent des fruits au petit déjeuner.,C1
124,"Bien que le temps soit froid, nous avons décidé de faire une promenade.",C1
125,Le chat dort sur le sofa.,C1
126,"Bien que le temps soit froid, nous avons décidé de faire une promenade.",C1
127,Le chat dort sur le sofa.,A1
128,Elle mange souvent des fruits au petit déjeuner.,A1
129,Le chat dort sur le sofa.,C1
130,"Quand j'étais petit, j'allais à l'école à pied.",A1
131,Le chat dort sur le sofa.,C1
132,"Quand j'étais petit, j'allais à l'école à pied.",A1
133,"Quand j'étais petit, j'allais à l'école à pied.",C1
134,"Bien que le temps soit froid, nous avons décidé de faire une promenade.",A1
135,"Bien que le temps soit froid, nous avons décidé de faire une promenade.",C1
136,"Bien que le temps soit froid, nous avons décidé de faire une promenade.",A1
137,Le chat dort sur le sofa.,C1
138,Le chat dort sur le sofa.,C1
139,Elle mange souvent des fruits au petit déjeuner.,A1
140,"Bien que le temps soit froid, nous avons décidé de faire une promenade.",C1
141,Le chat dort sur le sofa.,A1
142,"Bien que le temps soit froid, nous avons décidé de faire une promenade.",C1
143,"Malgré les critiques, le réalisateur a persisté à suivre sa vision originale pour le film.",C1
144,"Malgré les critiques, le réalisateur a persisté à suivre sa vision originale pour le film.",C1
145,"Bien que le temps soit froid, nous avons décidé de faire une promenade.",A1
146,"Quand j'étais petit, j'allais à l'école à pied.",A1
147,Le chat dort sur le sofa.,A1
148,"Malgré les critiques, le réalisateur a persisté à suivre sa vision originale pour le film.",C1
149,"Bien que le temps soit froid, nous avons décidé de faire une promenade.",A1
150,Le chat dort sur le sofa.,A1
151,"Bien que le temps soit froid, nous avons décidé de faire une promenade.",C1
152,"Malgré les critiques, le réalisateur a persisté à suivre sa vision originale pour le film.",C1
153,Elle mange souvent des fruits au petit déjeuner.,C1
154,Le chat dort sur le sofa.,A1
155,"Bien que le temps soit froid, nous avons décidé de faire une promenade.",C1
156,"Bien que le temps soit froid, nous avons décidé de faire une promenade.",C1
157,"Quand j'étais petit, j'allais à l'école à pied.",C1
158,Elle mange souvent des fruits au petit déjeuner.,C1
159,Le chat dort sur le sofa.,A1
160,"Malgré les critiques, le réalisateur a persisté à suivre sa vision originale pour le film.",A1
161,"Bien que le temps soit froid, nous avons décidé de faire une promenade.",A1
162,Le chat dort sur le sofa.,A1
163,"Bien que le temps soit froid, nous avons décidé de faire une promenade.",A1
164,Le chat dort sur le sofa.,A1
165,"Quand j'étais petit, j'allais à l'école à pied.",C1
166,"Quand j'étais petit, j'allais à l'école à pied.",A1
167,"Malgré les critiques, le réalisateur a persisté à suivre sa vision originale pour le film.",A1
168,Elle mange souvent des fruits au petit déjeuner.,A1
169,Elle mange souvent des fruits au petit déjeuner.,C1
170,"Bien que le temps soit froid, nous avons décidé de faire une promenade.",A1
171,"Bien que le temps soit froid, nous avons décidé de faire une promenade.",A1
172,Le chat dort sur le sofa.,A1
173,"Quand j'étais petit, j'allais à l'école à pied.",A1
174,"Quand j'étais petit, j'allais à l'école à pied.",A1
175,Elle mange souvent des fruits au petit déjeuner.,A1
176,"Quand j'étais petit, j'allais à l'école à pied.",C1
177,Le chat dort sur le sofa.,C1
178,"Malgré les critiques, le réalisateur a persisté à suivre sa vision originale pour le film.",A1
179,"Bien que le temps soit froid, nous avons décidé de faire une promenade.",A1
180,Le chat dort sur le sofa.,A1
181,"Malgré les critiques, le réalisateur a persisté à suivre sa vision originale pour le film.",A1
182,"Malgré les critiques, le réalisateur a persisté à suivre sa vision originale pour le film.",A1
183,"Malgré les critiques, le réalisateur a persisté à suivre sa vision originale pour le film.",C1
184,Elle mange souvent des fruits au petit déjeuner.,C1
185,"Bien que le temps soit froid, nous avons décidé de faire une promenade.",A1
186,Elle mange souvent des fruits au petit déjeuner.,C1
187,Le chat dort sur le sofa.,C1
188,"Malgré les critiques, le réalisateur a persisté à suivre sa vision originale pour le film.",A1
189,"Quand j'étais petit, j'allais à l'école à pied.",A1
190,Elle mange souvent des fruits au petit déjeuner.,A1
191,"Quand j'étais petit, j'allais à l'école à pied.",C1
192,"Bien que le temps soit froid, nous avons décidé de faire une promenade.",A1
193,Le chat dort sur le sofa.,C1
194,Le chat dort sur le sofa.,C1
195,"Quand j'étais petit, j'allais à l'école à pied.",C1
196,Elle mange souvent des fruits au petit déjeuner.,C1
197,Elle mange souvent des fruits au petit déjeuner.,A1
198,Le chat dort sur le sofa.,C1
199,Le chat dort sur le sofa.,C1
200,"Quand j'étais petit, j'allais à l'école à pied.",C1
201,"Bien que le temps soit froid, nous avons décidé de faire une promenade.",A1
202,"Quand j'étais petit, j'allais à l'école à pied.",C1
203,"Quand j'étais petit, j'allais à l'école à pied.",A1
204,"Bien que le temps soit froid, nous avons décidé de faire une promenade.",C1
205,Le chat dort sur le sofa.,C1
206,"Malgré les critiques, le réalisateur a persisté à suivre sa vision originale pour le film.",A1
207,"Bien que le temps soit froid, nous avons décidé de faire une promenade.",A1
208,"Bien que le temps soit froid, nous avons décidé de faire une promenade.",C1
209,Elle mange souvent des fruits au petit déjeuner.,C1
210,"Bien que le temps soit froid, nous avons décidé de faire une promenade.",A1
211,"Malgré les critiques, le réalisateur a persisté à suivre sa vision originale pour le film.",A1
212,Elle mange souvent des fruits au petit déjeuner.,A1
213,"Quand j'étais petit, j'allais à l'école à pied.",C1
214,Elle mange souvent des fruits au petit déjeuner.,A1
215,Elle mange souvent des fruits au petit déjeuner.,C1
216,"Quand j'étais petit, j'allais à l'école à pied.",C1
217,"Malgré les critiques, le réalisateur a persisté à suivre sa vision originale pour le film.",C1
218,Elle mange souvent des fruits au petit déjeuner.,A1
219,"Quand j'étais petit, j'allais à l'école à pied.",A1
220,"Bien que le temps soit froid, nous avons décidé de faire une promenade.",A1
221,"Bien que le temps soit froid, nous avons décidé de faire une promenade.",A1
222,"Quand j'étais petit, j'allais à l'école à pied.",C1
223,Le chat dort sur le sofa.,A1
224,Le chat dort sur le sofa.,A1
225,Elle mange souvent des fruits au petit déjeuner.,C1
226,"Malgré les critiques, le réalisateur a persisté à suivre sa vision originale pour le film.",C1
227,Le chat dort sur le sofa.,A1
228,Le chat dort sur le sofa.,A1
229,"Bien que le temps soit froid, nous avons décidé de faire une promenade.",C1
230,Le chat dort sur le sofa.,C1
231,"Bien que le temps soit froid, nous avons décidé de faire une promenade.",A1
232,Elle mange souvent des fruits au petit déjeuner.,C1
233,"Malgré les critiques, le réalisateur a persisté à suivre sa vision originale pour le film.",A1
234,"Malgré les critiques, le réalisateur a persisté à suivre sa vision originale pour le film.",C1
235,Elle mange souvent des fruits au petit déjeuner.,A1
236,Le chat dort sur le sofa.,C1
237,Elle mange souvent des fruits au petit déjeuner.,A1
238,Elle mange souvent des fruits au petit déjeuner.,A1
239,"Malgré les critiques, le réalisateur a persisté à suivre sa vision originale pour le film.",C1
240,Elle mange souvent des fruits au petit déjeuner.,C1
241,"Quand j'étais petit, j'allais à l'école à pied.",C1
242,Le chat dort sur le sofa.,C1
243,"Quand j'étais petit, j'allais à l'école à pied.",A1
244,"Bien que le temps soit froid, nous avons décidé de faire une promenade.",A1
245,"Quand j'étais petit, j'allais à l'école à pied.",A1
246,"Malgré les critiques, le réalisateur a persisté à suivre sa vision originale pour le film.",A1
247,Le chat dort sur le sofa.,A1
248,Le chat dort sur le sofa.,C1
249,Le chat dort sur le sofa.,A1
250,"Bien que le temps soit froid, nous avons décidé de faire une promenade.",C1
251,Le chat dort sur le sofa.,A1
252,"Bien que le temps soit froid, nous avons décidé de faire une promenade.",C1
253,Elle mange souvent des fruits au petit déjeuner.,C1
254,Le chat dort sur le sofa.,A1
255,Le chat dort sur le sofa.,A1
256,"Malgré les critiques, le réalisateur a persisté à suivre sa vision originale pour le film.",A1
257,Elle mange souvent des fruits au petit déjeuner.,C1
258,"Bien que le temps soit froid, nous avons décidé de faire une promenade.",A1
259,Elle mange souvent des fruits au petit déjeuner.,C1
260,"Bien que le temps soit froid, nous avons décidé de faire une promenade.",A1
261,Le chat dort sur le sofa.,A1
262,"Bien que le temps soit froid, nous avons décidé de faire une promenade.",C1
263,"Malgré les critiques, le réalisateur a persisté à suivre sa vision originale pour le film.",A1
264,"Bien que le temps soit froid, nous avons décidé de faire une promenade.",C1
265,Le chat dort sur le sofa.,A1
266,"Malgré les critiques, le réalisateur a persisté à suivre sa vision originale pour le film.",C1
267,Elle mange souvent des fruits au petit déjeuner.,C1
268,Elle mange souvent des fruits au petit déjeuner.,C1
269,Le chat dort sur le sofa.,A1
270,"Bien que le temps soit froid, nous avons décidé de faire une promenade.",A1
271,Le chat dort sur le sofa.,A1
272,Elle mange souvent des fruits au petit déjeuner.,A1
273,"Quand j'étais petit, j'allais à l'école à pied.",C1
274,"Malgré les critiques, le réalisateur a persisté à suivre sa vision originale pour le film.",C1
275,"Quand j'étais petit, j'allais à l'école à pied.",C1
276,"Quand j'étais petit, j'allais à l'école à pied.",C1
277,Elle mange souvent des fruits au petit déjeuner.,C1
278,"Malgré les critiques, le réalisateur a persisté à suivre sa vision originale pour le film.",C1
279,"Bien que le temps soit froid, nous avons décidé de faire une promenade.",A1
280,Le chat dort sur le sofa.,C1
281,"Malgré les critiques, le réalisateur a persisté à suivre sa vision originale pour le film.",A1
282,Elle mange souvent des fruits au petit déjeuner.,A1
283,Elle mange souvent des fruits au petit déjeuner.,A1
284,Elle mange souvent des fruits au petit déjeuner.,A1
285,"Quand j'étais petit, j'allais à l'école à pied.",C1
286,Le chat dort sur le sofa.,A1
287,Le chat dort sur le sofa.,A1
288,Elle mange souvent des fruits au petit déjeuner.,C1
289,Elle mange souvent des fruits au petit déjeuner.,A1
290,"Quand j'étais petit, j'allais à l'école à pied.",A1
291,"Malgré les critiques, le réalisateur a persisté à suivre sa vision originale pour le film.",C1
292,Le chat dort sur le sofa.,A1
293,Elle mange souvent des fruits au petit déjeuner.,A1
294,Le chat dort sur le sofa.,C1
295,"Malgré les critiques, le réalisateur a persisté à suivre sa vision originale pour le film.",C1
296,Le chat dort sur le sofa.,A1
297,"Quand j'étais petit, j'allais à l'école à pied.",A1
298,Le chat dort sur le sofa.,C1
299,"Malgré les critiques, le réalisateur a persisté à suivre sa vision originale pour le film.",C1
300,"Malgré les critiques, le réalisateur a persisté à suivre sa vision originale pour le film.",C1
301,"Bien que le temps soit froid, nous avons décidé de faire une promenade.",C1
302,Elle mange souvent des fruits au petit déjeuner.,C1
303,Le chat dort sur le sofa.,C1
304,Elle mange souvent des fruits au petit déjeuner.,C1
305,"Bien que le temps soit froid, nous avons décidé de faire une promenade.",A1
306,"Malgré les critiques, le réalisateur a persisté à suivre sa vision originale pour le film.",C1
307,"Quand j'étais petit, j'allais à l'école à pied.",A1
308,"Quand j'étais petit, j'allais à l'école à pied.",C1
309,Le chat dort sur le sofa.,C1
310,Le chat dort sur le sofa.,A1
311,"Quand j'étais petit, j'allais à l'école à pied.",A1
312,"Quand j'étais petit, j'allais à l'école à pied.",C1
313,"Bien que le temps soit froid, nous avons décidé de faire une promenade.",C1
314,"Malgré les critiques, le réalisateur a persisté à suivre sa vision originale pour le film.",A1
315,"Malgré les critiques, le réalisateur a persisté à suivre sa vision originale pour le film.",A1
316,"Malgré les critiques, le réalisateur a persisté à suivre sa vision originale pour le film.",C1
317,Elle mange souvent des fruits au petit déjeuner.,C1
318,Elle mange souvent des fruits au petit déjeuner.,C1
319,"Bien que le temps soit froid, nous avons décidé de faire une promenade.",A1
320,Elle mange souvent des fruits au petit déjeuner.,C1
321,"Bien que le temps soit froid, nous avons décidé de faire une promenade.",A1
322,"Malgré les critiques, le réalisateur a persisté à suivre sa vision originale pour le film.",A1
323,Le chat dort sur le sofa.,A1
324,"Bien que le temps soit froid, nous avons décidé de faire une promenade.",A1
325,"Bien que le temps soit froid, nous avons décidé de faire une promenade.",A1
326,Le chat dort sur le sofa.,A1
327,Elle mange souvent des fruits au petit déjeuner.,A1
328,Elle mange souvent des fruits au petit déjeuner.,C1
329,Elle mange souvent des fruits au petit déjeuner.,C1
330,"Malgré les critiques, le réalisateur a persisté à suivre sa vision originale pour le film.",A1
331,"Malgré les critiques, le réalisateur a persisté à suivre sa vision originale pour le film.",A1
332,"Malgré les critiques, le réalisateur a persisté à suivre sa vision originale pour le film.",C1
333,"Quand j'étais petit, j'allais à l'école à pied.",A1
334,"Malgré les critiques, le réalisateur a persisté à suivre sa vision originale pour le film.",C1
335,Elle mange souvent des fruits au petit déjeuner.,A1
336,"Malgré les critiques, le réalisateur a persisté à suivre sa vision originale pour le film.",A1
337,"Quand j'étais petit, j'allais à l'école à pied.",C1
338,"Malgré les critiques, le réalisateur a persisté à suivre sa vision originale pour le film.",C1
339,"Malgré les critiques, le réalisateur a persisté à suivre sa vision originale pour le film.",A1
340,"Quand j'étais petit, j'allais à l'école à pied.",C1
341,"Quand j'étais petit, j'allais à l'école à pied.",A1
342,Le chat dort sur le sofa.,A1
343,"Malgré les critiques, le réalisateur a persisté à suivre sa vision originale pour le film.",C1
344,Elle mange souvent des fruits au petit déjeuner.,A1
345,Elle mange souvent des fruits au petit déjeuner.,A1
346,"Malgré les critiques, le réalisateur a persisté à suivre sa vision originale pour le film.",A1
347,Elle mange souvent des fruits au petit déjeuner.,A1
348,Le chat dort sur le sofa.,A1
349,Le chat dort sur le sofa.,C1
350,Le chat dort sur le sofa.,C1
351,"Malgré les critiques, le réalisateur a persisté à suivre sa vision originale pour le film.",A1
352,Elle mange souvent des fruits au petit déjeuner.,C1
353,"Bien que le temps soit froid, nous avons décidé de faire une promenade.",C1
354,"Quand j'étais petit, j'allais à l'école à pied.",C1
355,"Bien que le temps soit froid, nous avons décidé de faire une promenade.",C1
356,"Malgré les critiques, le réalisateur a persisté à suivre sa vision originale pour le film.",C1
357,Elle mange souvent des fruits au petit déjeuner.,C1
358,"Malgré les critiques, le réalisateur a persisté à suivre sa vision originale pour le film.",C1
359,"Bien que le temps soit froid, nous avons décidé de faire une promenade.",A1
360,Elle mange souvent des fruits au petit déjeuner.,C1
361,"Bien que le temps soit froid, nous avons décidé de faire une promenade.",C1
362,"Malgré les critiques, le réalisateur a persisté à suivre sa vision originale pour le film.",C1
363,"Quand j'étais petit, j'allais à l'école à pied.",C1
364,"Bien que le temps soit froid, nous avons décidé de faire une promenade.",C1
365,"Malgré les critiques, le réalisateur a persisté à suivre sa vision originale pour le film.",C1
366,Le chat dort sur le sofa.,A1
367,"Quand j'étais petit, j'allais à l'école à pied.",A1
368,"Bien que le temps soit froid, nous avons décidé de faire une promenade.",A1
369,Le chat dort sur le sofa.,A1
370,Le chat dort sur le sofa.,C1
371,"Malgré les critiques, le réalisateur a persisté à suivre sa vision originale pour le film.",C1
372,Le chat dort sur le sofa.,A1
373,Elle mange souvent des fruits au petit déjeuner.,A1
374,Le chat dort sur le sofa.,A1
375,"Quand j'étais petit, j'allais à l'école à pied.",C1
376,"Quand j'étais petit, j'allais à l'école à pied.",A1
377,"Bien que le temps soit froid, nous avons décidé de faire une promenade.",A1
378,Elle mange souvent des fruits au petit déjeuner.,C1
379,"Malgré les critiques, le réalisateur a persisté à suivre sa vision originale pour le film.",A1
380,"Quand j'étais petit, j'allais à l'école à pied.",C1
381,"Bien que le temps soit froid, nous avons décidé de faire une promenade.",A1
382,"Malgré les critiques, le réalisateur a persisté à suivre sa vision originale pour le film.",A1
383,Le chat dort sur le sofa.,C1
384,"Bien que le temps soit froid, nous avons décidé de faire une promenade.",A1
385,"Bien que le temps soit froid, nous avons décidé de faire une promenade.",A1
386,"Bien que le temps soit froid, nous avons décidé de faire une promenade.",A1
387,"Bien que le temps soit froid, nous avons décidé de faire une promenade.",A1
388,"Malgré les critiques, le réalisateur a persisté à suivre sa vision originale pour le film.",A1
389,"Malgré les critiques, le réalisateur a persisté à suivre sa vision originale pour le film.",A1
390,Elle mange souvent des fruits au petit déjeuner.,A1
391,"Malgré les critiques, le réalisateur a persisté à suivre sa vision originale pour le film.",A1
392,"Quand j'étais petit, j'allais à l'école à pied.",C1
393,"Malgré les critiques, le réalisateur a persisté à suivre sa vision originale pour le film.",A1
394,Le chat dort sur le sofa.,A1
395,"Malgré les critiques, le réalisateur a persisté à suivre sa vision originale pour le film.",A1
396,Elle mange souvent des fruits au petit déjeuner.,C1
397,"Bien que le temps soit froid, nous avons décidé de faire une promenade.",C1
398,Elle mange souvent des fruits au petit déjeuner.,C1
399,Le chat dort sur le sofa.,A1
400,"Malgré les critiques, le réalisateur a persisté à suivre sa vision originale pour le film.",C1
401,Elle mange souvent des fruits au petit déjeuner.,A1
402,Le chat dort sur le sofa.,A1
403,"Bien que le temps soit froid, nous avons décidé de faire une promenade.",A1
404,"Malgré les critiques, le réalisateur a persisté à suivre sa vision originale pour le film.",A1
405,Elle mange souvent des fruits au petit déjeuner.,C1
406,"Quand j'étais petit, j'allais à l'école à pied.",A1
407,Elle mange souvent des fruits au petit déjeuner.,C1
408,"Bien que le temps soit froid, nous avons décidé de faire une promenade.",C1
409,Le chat dort sur le sofa.,C1
410,"Quand j'étais petit, j'allais à l'école à pied.",C1
411,Le chat dort sur le sofa.,A1
412,"Quand j'étais petit, j'allais à l'école à pied.",C1
413,Elle mange souvent des fruits au petit déjeuner.,A1
414,"Malgré les critiques, le réalisateur a persisté à suivre sa vision originale pour le film.",C1
415,Le chat dort sur le sofa.,A1
416,Elle mange souvent des fruits au petit déjeuner.,C1
417,Elle mange souvent des fruits au petit déjeuner.,C1
418,"Malgré les critiques, le réalisateur a persisté à suivre sa vision originale pour le film.",A1
419,Elle mange souvent des fruits au petit déjeuner.,A1
420,Elle mange souvent des fruits au petit déjeuner.,C1
421,"Quand j'étais petit, j'allais à l'école à pied.",C1
422,Elle mange souvent des fruits au petit déjeuner.,A1
423,Le chat dort sur le sofa.,A1
424,Le chat dort sur le sofa.,A1
425,Elle mange souvent des fruits au petit déjeuner.,C1
426,"Quand j'étais petit, j'allais à l'école à pied.",C1
427,"Bien que le temps soit froid, nous avons décidé de faire une promenade.",A1
428,Elle mange souvent des fruits au petit déjeuner.,C1
429,"Malgré les critiques, le réalisateur a persisté à suivre sa vision originale pour le film.",A1
430,Le chat dort sur le sofa.,A1
431,"Malgré les critiques, le réalisateur a persisté à suivre sa vision originale pour le film.",A1
432,"Quand j'étais petit, j'allais à l'école à pied.",C1
433,"Bien que le temps soit froid, nous avons décidé de faire une promenade.",A1
434,Elle mange souvent des fruits au petit déjeuner.,C1
435,"Bien que le temps soit froid, nous avons décidé de faire une promenade.",A1
436,"Bien que le temps soit froid, nous avons décidé de faire une promenade.",C1
437,"Malgré les critiques, le réalisateur a persisté à suivre sa vision originale pour le film.",A1
438,"Bien que le temps soit froid, nous avons décidé de faire une promenade.",C1
439,"Malgré les critiques, le réalisateur a persisté à suivre sa vision originale pour le film.",A1
440,"Quand j'étais petit, j'allais à l'école à pied.",C1
441,"Quand j'étais petit, j'allais à l'école à pied.",A1
442,"Bien que le temps soit froid, nous avons décidé de faire une promenade.",A1
443,Elle mange souvent des fruits au petit déjeuner.,C1
444,Le chat dort sur le sofa.,A1
445,"Malgré les critiques, le réalisateur a persisté à suivre sa vision originale pour le film.",C1
446,"Bien que le temps soit froid, nous avons décidé de faire une promenade.",A1
447,Elle mange souvent des fruits au petit déjeuner.,A1
448,"Malgré les critiques, le réalisateur a persisté à suivre sa vision originale pour le film.",C1
449,Elle mange souvent des fruits au petit déjeuner.,A1
450,Elle mange souvent des fruits au petit déjeuner.,C1
451,Elle mange souvent des fruits au petit déjeuner.,A1
452,Le chat dort sur le sofa.,A1
453,Elle mange souvent des fruits au petit déjeuner.,A1
454,"Quand j'étais petit, j'allais à l'école à pied.",A1
455,Le chat dort sur le sofa.,A1
456,"Bien que le temps soit froid, nous avons décidé de faire une promenade.",A1
457,Le chat dort sur le sofa.,A1
458,Le chat dort sur le sofa.,C1
459,"Quand j'étais petit, j'allais à l'école à pied.",A1
460,"Bien que le temps soit froid, nous avons décidé de faire une promenade.",A1
461,Le chat dort sur le sofa.,A1
462,"Malgré les critiques, le réalisateur a persisté à suivre sa vision originale pour le film.",A1
463,"Quand j'étais petit, j'allais à l'école à pied.",A1
464,"Malgré les critiques, le réalisateur a persisté à suivre sa vision originale pour le film.",C1
465,Le chat dort sur le sofa.,C1
466,Elle mange souvent des fruits au petit déjeuner.,C1
467,Elle mange souvent des fruits au petit déjeuner.,C1
468,"Malgré les critiques, le réalisateur a persisté à suivre sa vision originale pour le film.",C1
469,"Bien que le temps soit froid, nous avons décidé de faire une promenade.",A1
470,"Quand j'étais petit, j'allais à l'école à pied.",A1
471,Elle mange souvent des fruits au petit déjeuner.,A1
472,"Malgré les critiques, le réalisateur a persisté à suivre sa vision originale pour le film.",A1
473,Elle mange souvent des fruits au petit déjeuner.,C1
474,"Bien que le temps soit froid, nous avons décidé de faire une promenade.",C1
475,"Quand j'étais petit, j'allais à l'école à pied.",A1
476,Le chat dort sur le sofa.,C1
477,"Malgré les critiques, le réalisateur a persisté à suivre sa vision originale pour le film.",C1
478,Le chat dort sur le sofa.,A1
479,Elle mange souvent des fruits au petit déjeuner.,C1
480,"Quand j'étais petit, j'allais à l'école à pied.",C1
481,"Bien que le temps soit froid, nous avons décidé de faire une promenade.",A1
482,"Quand j'étais petit, j'allais à l'école à pied.",C1
483,"Bien que le temps soit froid, nous avons décidé de faire une promenade.",C1
484,Le chat dort sur le sofa.,A1
485,Le chat dort sur le sofa.,C1
486,Le chat dort sur le sofa.,C1
487,Elle mange souvent des fruits au petit déjeuner.,C1
488,Elle mange souvent des fruits au petit déjeuner.,A1
489,Elle mange souvent des fruits au petit déjeuner.,A1
490,Elle mange souvent des fruits au petit déjeuner.,C1
491,Le chat dort sur le sofa.,A1
492,"Bien que le temps soit froid, nous avons décidé de faire une promenade.",A1
493,"Bien que le temps soit froid, nous avons décidé de faire une promenade.",A1
494,"Bien que le temps soit froid, nous avons décidé de faire une promenade.",A1
495,"Bien que le temps soit froid, nous avons décidé de faire une promenade.",C1
496,"Quand j'étais petit, j'allais à l'école à pied.",C1
497,Elle mange souvent des fruits au petit déjeuner.,A1
498,Le chat dort sur le sofa.,A1
499,Elle mange souvent des fruits au petit déjeuner.,C1
500,Elle mange souvent des fruits au petit déjeuner.,A1
501,Le chat dort sur le sofa.,C1
502,Le chat dort sur le sofa.,A1
503,"Quand j'étais petit, j'allais à l'école à pied.",C1
504,Elle mange souvent des fruits au petit déjeuner.,C1
505,"Bien que le temps soit froid, nous avons décidé de faire une promenade.",C1
506,Elle mange souvent des fruits au petit déjeuner.,A1
507,"Bien que le temps soit froid, nous avons décidé de faire une promenade.",C1
508,"Bien que le temps soit froid, nous avons décidé de faire une promenade.",C1
509,Elle mange souvent des fruits au petit déjeuner.,C1
510,"Malgré les critiques, le réalisateur a persisté à suivre sa vision originale pour le film.",C1
511,"Quand j'étais petit, j'allais à l'école à pied.",A1
512,Elle mange souvent des fruits au petit déjeuner.,A1
513,"Malgré les critiques, le réalisateur a persisté à suivre sa vision originale pour le film.",C1
514,Le chat dort sur le sofa.,C1
515,Elle mange souvent des fruits au petit déjeuner.,C1
516,"Bien que le temps soit froid, nous avons décidé de faire une promenade.",A1
517,Elle mange souvent des fruits au petit déjeuner.,A1
518,"Bien que le temps soit froid, nous avons décidé de faire une promenade.",A1
519,Le chat dort sur le sofa.,C1
520,"Quand j'étais petit, j'allais à l'école à pied.",A1
521,"Bien que le temps soit froid, nous avons décidé de faire une promenade.",A1
522,"Malgré les critiques, le réalisateur a persisté à suivre sa vision originale pour le film.",A1
523,Le chat dort sur le sofa.,A1
524,Le chat dort sur le sofa.,C1
525,"Bien que le temps soit froid, nous avons décidé de faire une promenade.",C1
526,"Malgré les critiques, le réalisateur a persisté à suivre sa vision originale pour le film.",C1
527,"Bien que le temps soit froid, nous avons décidé de faire une promenade.",A1
528,"Bien que le temps soit froid, nous avons décidé de faire une promenade.",A1
529,Elle mange souvent des fruits au petit déjeuner.,C1
530,Le chat dort sur le sofa.,A1
531,"Malgré les critiques, le réalisateur a persisté à suivre sa vision originale pour le film.",C1
532,Le chat dort sur le sofa.,A1
533,Elle mange souvent des fruits au petit déjeuner.,C1
534,"Bien que le temps soit froid, nous avons décidé de faire une promenade.",C1
535,"Malgré les critiques, le réalisateur a persisté à suivre sa vision originale pour le film.",A1
536,"Quand j'étais petit, j'allais à l'école à pied.",C1
537,"Quand j'étais petit, j'allais à l'école à pied.",A1
538,Le chat dort sur le sofa.,C1
539,Elle mange souvent des fruits au petit déjeuner.,C1
540,Le chat dort sur le sofa.,A1
541,"Bien que le temps soit froid, nous avons décidé de faire une promenade.",C1
542,"Malgré les critiques, le réalisateur a persisté à suivre sa vision originale pour le film.",C1
543,"Bien que le temps soit froid, nous avons décidé de faire une promenade.",A1
544,Elle mange souvent des fruits au petit déjeuner.,A1
545,"Quand j'étais petit, j'allais à l'école à pied.",C1
546,Elle mange souvent des fruits au petit déjeuner.,C1
547,"Malgré les critiques, le réalisateur a persisté à suivre sa vision originale pour le film.",A1
548,Le chat dort sur le sofa.,C1
549,Elle mange souvent des fruits au petit déjeuner.,C1
550,Le chat dort sur le sofa.,C1
551,Le chat dort sur le sofa.,C1
552,"Quand j'étais petit, j'allais à l'école à pied.",C1
553,Elle mange souvent des fruits au petit déjeuner.,A1
554,Elle mange souvent des fruits au petit déjeuner.,C1
555,Le chat dort sur le sofa.,C1
556,"Bien que le temps soit froid, nous avons décidé de faire une promenade.",C1
557,Elle mange souvent des fruits au petit déjeuner.,C1
558,"Malgré les critiques, le réalisateur a persisté à suivre sa vision originale pour le film.",A1
559,"Quand j'étais petit, j'allais à l'école à pied.",C1
560,"Bien que le temps soit froid, nous avons décidé de faire une promenade.",C1
561,"Malgré les critiques, le réalisateur a persisté à suivre sa vision originale pour le film.",A1
562,"Quand j'étais petit, j'allais à l'école à pied.",A1
563,"Quand j'étais petit, j'allais à l'école à pied.",A1
564,Elle mange souvent des fruits au petit déjeuner.,C1
565,"Malgré les critiques, le réalisateur a persisté à suivre sa vision originale pour le film.",C1
566,Le chat dort sur le sofa.,A1
567,"Malgré les critiques, le réalisateur a persisté à suivre sa vision originale pour le film.",A1
568,Le chat dort sur le sofa.,C1
569,"Malgré les critiques, le réalisateur a persisté à suivre sa vision originale pour le film.",A1
570,"Malgré les critiques, le réalisateur a persisté à suivre sa vision originale pour le film.",A1
571,"Quand j'étais petit, j'allais à l'école à pied.",A1
572,Le chat dort sur le sofa.,C1
573,Elle mange souvent des fruits au petit déjeuner.,C1
574,Elle mange souvent des fruits au petit déjeuner.,C1
575,"Quand j'étais petit, j'allais à l'école à pied.",C1
576,"Bien que le temps soit froid, nous avons décidé de faire une promenade.",C1
577,"Bien que le temps soit froid, nous avons décidé de faire une promenade.",A1
578,"Malgré les critiques, le réalisateur a persisté à suivre sa vision originale pour le film.",A1
579,Le chat dort sur le sofa.,A1
580,Le chat dort sur le sofa.,C1
581,"Quand j'étais petit, j'allais à l'école à pied.",C1
582,"Bien que le temps soit froid, nous avons décidé de faire une promenade.",A1
583,Elle mange souvent des fruits au petit déjeuner.,A1
584,Elle mange souvent des fruits au petit déjeuner.,C1
585,Le chat dort sur le sofa.,A1
586,Le chat dort sur le sofa.,C1
587,Elle mange souvent des fruits au petit déjeuner.,A1
588,Le chat dort sur le sofa.,A1
589,"Bien que le temps soit froid, nous avons décidé de faire une promenade.",A1
590,Le chat dort sur le sofa.,A1
591,Le chat dort sur le sofa.,A1
592,"Malgré les critiques, le réalisateur a persisté à suivre sa vision originale pour le film.",C1
593,"Quand j'étais petit, j'allais à l'école à pied.",A1
594,Elle mange souvent des fruits au petit déjeuner.,A1
595,Elle mange souvent des fruits au petit déjeuner.,A1
596,Le chat dort sur le sofa.,A1
597,"Bien que le temps soit froid, nous avons décidé de faire une promenade.",C1
598,"Quand j'étais petit, j'allais à l'école à pied.",A1
599,"Quand j'étais petit, j'allais à l'école à pied.",C1
600,"Bien que le temps soit froid, nous avons décidé de faire une promenade.",A1
601,"Quand j'étais petit, j'allais à l'école à pied.",A1
602,Elle mange souvent des fruits au petit déjeuner.,A1
603,"Bien que le temps soit froid, nous avons décidé de faire une promenade.",A1
604,Elle mange souvent des fruits au petit déjeuner.,A1
605,Elle mange souvent des fruits au petit déjeuner.,C1
606,"Quand j'étais petit, j'allais à l'école à pied.",C1
607,"Malgré les critiques, le réalisateur a persisté à suivre sa vision originale pour le film.",A1
608,"Malgré les critiques, le réalisateur a persisté à suivre sa vision originale pour le film.",A1
609,Elle mange souvent des fruits au petit déjeuner.,C1
610,Elle mange souvent des fruits au petit déjeuner.,C1
611,Le chat dort sur le sofa.,A1
612,"Bien que le temps soit froid, nous avons décidé de faire une promenade.",A1
613,"Quand j'étais petit, j'allais à l'école à pied.",A1
614,Elle mange souvent des fruits au petit déjeuner.,C1
615,"Malgré les critiques, le réalisateur a persisté à suivre sa vision originale pour le film.",A1
616,"Bien que le temps soit froid, nous avons décidé de faire une promenade.",C1
617,"Bien que le temps soit froid, nous avons décidé de faire une promenade.",C1
618,"Bien que le temps soit froid, nous avons décidé de faire une promenade.",A1
619,"Quand j'étais petit, j'allais à l'école à pied.",A1
620,Elle mange souvent des fruits au petit déjeuner.,A1
621,"Bien que le temps soit froid, nous avons décidé de faire une promenade.",C1
622,"Bien que le temps soit froid, nous avons décidé de faire une promenade.",A1
623,"Quand j'étais petit, j'allais à l'école à pied.",C1
624,"Bien que le temps soit froid, nous avons décidé de faire une promenade.",C1
625,Le chat dort sur le sofa.,A1
626,Le chat dort sur le sofa.,C1
627,"Malgré les critiques, le réalisateur a persisté à suivre sa vision originale pour le film.",A1
628,Le chat dort sur le sofa.,C1
629,"Bien que le temps soit froid, nous avons décidé de faire une promenade.",A1
630,"Malgré les critiques, le réalisateur a persisté à suivre sa vision originale pour le film.",A1
631,"Bien que le temps soit froid, nous avons décidé de faire une promenade.",C1
632,Elle mange souvent des fruits au petit déjeuner.,A1
633,Le chat dort sur le sofa.,A1
634,"Quand j'étais petit, j'allais à l'école à pied.",A1
635,Elle mange souvent des fruits au petit déjeuner.,A1
636,Le chat dort sur le sofa.,A1
637,"Quand j'étais petit, j'allais à l'école à pied.",A1
638,Elle mange souvent des fruits au petit déjeuner.,C1
639,Elle mange souvent des fruits au petit déjeuner.,C1
640,Elle mange souvent des fruits au petit déjeuner.,A1
641,"Bien que le temps soit froid, nous avons décidé de faire une promenade.",C1
642,"Bien que le temps soit froid, nous avons décidé de faire une promenade.",C1
643,"Quand j'étais petit, j'allais à l'école à pied.",A1
644,Elle mange souvent des fruits au petit déjeuner.,C1
645,"Malgré les critiques, le réalisateur a persisté à suivre sa vision originale pour le film.",A1
646,"Bien que le temps soit froid, nous avons décidé de faire une promenade.",A1
647,Elle mange souvent des fruits au petit déjeuner.,C1
648,Elle mange souvent des fruits au petit déjeuner.,C1
649,"Bien que le temps soit froid, nous avons décidé de faire une promenade.",A1
650,Elle mange souvent des fruits au petit déjeuner.,A1
651,"Malgré les critiques, le réalisateur a persisté à suivre sa vision originale pour le film.",A1
652,"Quand j'étais petit, j'allais à l'école à pied.",C1
653,"Quand j'étais petit, j'allais à l'école à pied.",C1
654,Elle mange souvent des fruits au petit déjeuner.,A1
655,Le chat dort sur le sofa.,C1
656,Le chat dort sur le sofa.,A1
657,Elle mange souvent des fruits au petit déjeuner.,C1
658,"Bien que le temps soit froid, nous avons décidé de faire une promenade.",C1
659,Le chat dort sur le sofa.,C1
660,Le chat dort sur le sofa.,C1
661,"Quand j'étais petit, j'allais à l'école à pied.",A1
662,"Malgré les critiques, le réalisateur a persisté à suivre sa vision originale pour le film.",A1
663,"Malgré les critiques, le réalisateur a persisté à suivre sa vision originale pour le film.",C1
664,Le chat dort sur le sofa.,C1
665,"Bien que le temps soit froid, nous avons décidé de faire une promenade.",C1
666,Elle mange souvent des fruits au petit déjeuner.,C1
667,"Malgré les critiques, le réalisateur a persisté à suivre sa vision originale pour le film.",C1
668,"Bien que le temps soit froid, nous avons décidé de faire une promenade.",C1
669,Elle mange souvent des fruits au petit déjeuner.,C1
670,"Bien que le temps soit froid, nous avons décidé de faire une promenade.",C1
671,"Bien que le temps soit froid, nous avons décidé de faire une promenade.",A1
672,Le chat dort sur le sofa.,C1
673,"Malgré les critiques, le réalisateur a persisté à suivre sa vision originale pour le film.",A1
674,"Quand j'étais petit, j'allais à l'école à pied.",A1
675,"Quand j'étais petit, j'allais à l'école à pied.",A1
676,"Bien que le temps soit froid, nous avons décidé de faire une promenade.",A1
677,Le chat dort sur le sofa.,C1
678,"Malgré les critiques, le réalisateur a persisté à suivre sa vision originale pour le film.",C1
679,"Malgré les critiques, le réalisateur a persisté à suivre sa vision originale pour le film.",A1
680,"Bien que le temps soit froid, nous avons décidé de faire une promenade.",A1
681,Elle mange souvent des fruits au petit déjeuner.,C1
682,Elle mange souvent des fruits au petit déjeuner.,C1
683,Elle mange souvent des fruits au petit déjeuner.,A1
684,"Quand j'étais petit, j'allais à l'école à pied.",C1
685,"Malgré les critiques, le réalisateur a persisté à suivre sa vision originale pour le film.",A1
686,"Bien que le temps soit froid, nous avons décidé de faire une promenade.",C1
687,"Bien que le temps soit froid, nous avons décidé de faire une promenade.",A1
688,"Quand j'étais petit, j'allais à l'école à pied.",C1
689,Elle mange souvent des fruits au petit déjeuner.,C1
690,Elle mange souvent des fruits au petit déjeuner.,A1
691,"Quand j'étais petit, j'allais à l'école à pied.",C1
692,Elle mange souvent des fruits au petit déjeuner.,C1
693,"Malgré les critiques, le réalisateur a persisté à suivre sa vision originale pour le film.",A1
694,"Malgré les critiques, le réalisateur a persisté à suivre sa vision originale pour le film.",C1
695,"Bien que le temps soit froid, nous avons décidé de faire une promenade.",A1
696,"Quand j'étais petit, j'allais à l'école à pied.",C1
697,"Quand j'étais petit, j'allais à l'école à pied.",A1
698,Le chat dort sur le sofa.,A1
699,"Bien que le temps soit froid, nous avons décidé de faire une promenade.",C1
700,Elle mange souvent des fruits au petit déjeuner.,C1
701,"Malgré les critiques, le réalisateur a persisté à suivre sa vision originale pour le film.",A1
702,"Malgré les critiques, le réalisateur a persisté à suivre sa vision originale pour le film.",A1
703,Le chat dort sur le sofa.,C1
704,"Bien que le temps soit froid, nous avons décidé de faire une promenade.",A1
705,"Malgré les critiques, le réalisateur a persisté à suivre sa vision originale pour le film.",A1
706,"Bien que le temps soit froid, nous avons décidé de faire une promenade.",C1
707,Elle mange souvent des fruits au petit déjeuner.,A1
708,Elle mange souvent des fruits au petit déjeuner.,C1
709,Elle mange souvent des fruits au petit déjeuner.,C1
710,"Quand j'étais petit, j'allais à l'école à pied.",C1
711,"Malgré les critiques, le réalisateur a persisté à suivre sa vision originale pour le film.",A1
712,"Malgré les critiques, le réalisateur a persisté à suivre sa vision originale pour le film.",C1
713,"Malgré les critiques, le réalisateur a persisté à suivre sa vision originale pour le film.",A1
714,"Quand j'étais petit, j'allais à l'école à pied.",C1
715,"Malgré les critiques, le réalisateur a persisté à suivre sa vision originale pour le film.",C1
716,"Quand j'étais petit, j'allais à l'école à pied.",A1
717,Elle mange souvent des fruits au petit déjeuner.,A1
718,"Bien que le temps soit froid, nous avons décidé de faire une promenade.",C1
719,Le chat dort sur le sofa.,C1
720,"Bien que le temps soit froid, nous avons décidé de faire une promenade.",C1
721,"Quand j'étais petit, j'allais à l'école à pied.",C1
722,Elle mange souvent des fruits au petit déjeuner.,A1
723,Elle mange souvent des fruits au petit déjeuner.,C1
724,Elle mange souvent des fruits au petit déjeuner.,A1
725,"Malgré les critiques, le réalisateur a persisté à suivre sa vision originale pour le film.",A1
726,Le chat dort sur le sofa.,A1
727,"Quand j'étais petit, j'allais à l'école à pied.",C1
728,"Quand j'étais petit, j'allais à l'école à pied.",C1
729,"Quand j'étais petit, j'allais à l'école à pied.",A1
730,"Malgré les critiques, le réalisateur a persisté à suivre sa vision originale pour le film.",C1
731,Le chat dort sur le sofa.,C1
732,Elle mange souvent des fruits au petit déjeuner.,C1
733,Elle mange souvent des fruits au petit déjeuner.,C1
734,"Bien que le temps soit froid, nous avons décidé de faire une promenade.",A1
735,"Quand j'étais petit, j'allais à l'école à pied.",C1
736,"Bien que le temps soit froid, nous avons décidé de faire une promenade.",C1
737,Elle mange souvent des fruits au petit déjeuner.,A1
738,"Bien que le temps soit froid, nous avons décidé de faire une promenade.",A1
739,"Malgré les critiques, le réalisateur a persisté à suivre sa vision originale pour le film.",A1
740,Le chat dort sur le sofa.,A1
741,Elle mange souvent des fruits au petit déjeuner.,C1
742,"Bien que le temps soit froid, nous avons décidé de faire une promenade.",A1
743,Le chat dort sur le sofa.,C1
744,Le chat dort sur le sofa.,C1
745,"Bien que le temps soit froid, nous avons décidé de faire une promenade.",A1
746,"Quand j'étais petit, j'allais à l'école à pied.",C1
747,Elle mange souvent des fruits au petit déjeuner.,A1
748,"Bien que le temps soit froid, nous avons décidé de faire une promenade.",A1
749,Le chat dort sur le sofa.,A1
750,"Malgré les critiques, le réalisateur a persisté à suivre sa vision originale pour le film.",C1
751,Le chat dort sur le sofa.,C1
752,"Quand j'étais petit, j'allais à l'école à pied.",A1
753,"Bien que le temps soit froid, nous avons décidé de faire une promenade.",C1
754,"Bien que le temps soit froid, nous avons décidé de faire une promenade.",C1
755,Le chat dort sur le sofa.,C1
756,"Bien que le temps soit froid, nous avons décidé de faire une promenade.",C1
757,Le chat dort sur le sofa.,C1
758,Elle mange souvent des fruits au petit déjeuner.,C1
759,"Quand j'étais petit, j'allais à l'école à pied.",A1
760,"Quand j'étais petit, j'allais à l'école à pied.",A1
761,"Quand j'étais petit, j'allais à l'école à pied.",C1
762,Elle mange souvent des fruits au petit déjeuner.,A1
763,Elle mange souvent des fruits au petit déjeuner.,A1
764,Elle mange souvent des fruits au petit déjeuner.,C1
765,Le chat dort sur le sofa.,C1
766,"Quand j'étais petit, j'allais à l'école à pied.",C1
767,Elle mange souvent des fruits au petit déjeuner.,A1
768,"Bien que le temps soit froid, nous avons décidé de faire une promenade.",C1
769,"Malgré les critiques, le réalisateur a persisté à suivre sa vision originale pour le film.",A1
770,Le chat dort sur le sofa.,C1
771,Le chat dort sur le sofa.,A1
772,Elle mange souvent des fruits au petit déjeuner.,C1
773,"Malgré les critiques, le réalisateur a persisté à suivre sa vision originale pour le film.",C1
774,Elle mange souvent des fruits au petit déjeuner.,A1
775,"Bien que le temps soit froid, nous avons décidé de faire une promenade.",C1
776,"Malgré les critiques, le réalisateur a persisté à suivre sa vision originale pour le film.",A1
777,"Bien que le temps soit froid, nous avons décidé de faire une promenade.",A1
778,Le chat dort sur le sofa.,A1
779,Elle mange souvent des fruits au petit déjeuner.,A1
780,"Quand j'étais petit, j'allais à l'école à pied.",C1
781,Elle mange souvent des fruits au petit déjeuner.,C1
782,"Malgré les critiques, le réalisateur a persisté à suivre sa vision originale pour le film.",C1
783,"Bien que le temps soit froid, nous avons décidé de faire une promenade.",C1
784,Elle mange souvent des fruits au petit déjeuner.,A1
785,Le chat dort sur le sofa.,A1
786,Le chat dort sur le sofa.,C1
787,Le chat dort sur le sofa.,C1
788,"Malgré les critiques, le réalisateur a persisté à suivre sa vision originale pour le film.",A1
789,"Bien que le temps soit froid, nous avons décidé de faire une promenade.",C1
790,Elle mange souvent des fruits au petit déjeuner.,A1
791,"Malgré les critiques, le réalisateur a persisté à suivre sa vision originale pour le film.",A1
792,"Quand j'étais petit, j'allais à l'école à pied.",C1
793,Elle mange souvent des fruits au petit déjeuner.,C1
794,Le chat dort sur le sofa.,C1
795,"Quand j'étais petit, j'allais à l'école à pied.",C1
796,"Bien que le temps soit froid, nous avons décidé de faire une promenade.",C1
797,"Bien que le temps soit froid, nous avons décidé de faire une promenade.",A1
798,"Bien que le temps soit froid, nous avons décidé de faire une promenade.",A1
799,Elle mange souvent des fruits au petit déjeuner.,C1
800,"Bien que le temps soit froid, nous avons décidé de faire une promenade.",A1
801,Elle mange souvent des fruits au petit déjeuner.,C1
802,Elle mange souvent des fruits au petit déjeuner.,C1
803,Le chat dort sur le sofa.,A1
804,"Bien que le temps soit froid, nous avons décidé de faire une promenade.",A1
805,"Malgré les critiques, le réalisateur a persisté à suivre sa vision originale pour le film.",A1
806,"Quand j'étais petit, j'allais à l'école à pied.",C1
807,Le chat dort sur le sofa.,C1
808,"Bien que le temps soit froid, nous avons décidé de faire une promenade.",A1
809,Elle mange souvent des fruits au petit déjeuner.,A1
810,"Bien que le temps soit froid, nous avons décidé de faire une promenade.",C1
811,Le chat dort sur le sofa.,C1
812,Elle mange souvent des fruits au petit déjeuner.,A1
813,Le chat dort sur le sofa.,C1
814,Elle mange souvent des fruits au petit déjeuner.,C1
815,Le chat dort sur le sofa.,A1
816,"Quand j'étais petit, j'allais à l'école à pied.",A1
817,"Malgré les critiques, le réalisateur a persisté à suivre sa vision originale pour le film.",A1
818,"Bien que le temps soit froid, nous avons décidé de faire une promenade.",C1
819,Elle mange souvent des fruits au petit déjeuner.,C1
820,Elle mange souvent des fruits au petit déjeuner.,C1
821,Elle mange souvent des fruits au petit déjeuner.,C1
822,Le chat dort sur le sofa.,A1
823,"Malgré les critiques, le réalisateur a persisté à suivre sa vision originale pour le film.",A1
824,Elle mange souvent des fruits au petit déjeuner.,C1
825,Le chat dort sur le sofa.,A1
826,Elle mange souvent des fruits au petit déjeuner.,C1
827,"Bien que le temps soit froid, nous avons décidé de faire une promenade.",C1
828,"Bien que le temps soit froid, nous avons décidé de faire une promenade.",A1
829,"Bien que le temps soit froid, nous avons décidé de faire une promenade.",A1
830,Elle mange souvent des fruits au petit déjeuner.,A1
831,Le chat dort sur le sofa.,C1
832,Elle mange souvent des fruits au petit déjeuner.,C1
833,Elle mange souvent des fruits au petit déjeuner.,A1
834,Elle mange souvent des fruits au petit déjeuner.,A1
835,Le chat dort sur le sofa.,C1
836,"Bien que le temps soit froid, nous avons décidé de faire une promenade.",A1
837,"Bien que le temps soit froid, nous avons décidé de faire une promenade.",C1
838,Elle mange souvent des fruits au petit déjeuner.,A1
839,"Malgré les critiques, le réalisateur a persisté à suivre sa vision originale pour le film.",C1
840,"Malgré les critiques, le réalisateur a persisté à suivre sa vision originale pour le film.",A1
841,"Bien que le temps soit froid, nous avons décidé de faire une promenade.",A1
842,"Malgré les critiques, le réalisateur a persisté à suivre sa vision originale pour le film.",C1
843,Elle mange souvent des fruits au petit déjeuner.,A1
844,Elle mange souvent des fruits au petit déjeuner.,A1
845,"Malgré les critiques, le réalisateur a persisté à suivre sa vision originale pour le film.",A1
846,"Malgré les critiques, le réalisateur a persisté à suivre sa vision originale pour le film.",C1
847,"Quand j'étais petit, j'allais à l'école à pied.",A1
848,Le chat dort sur le sofa.,A1
849,"Quand j'étais petit, j'allais à l'école à pied.",A1
850,"Bien que le temps soit froid, nous avons décidé de faire une promenade.",C1
851,"Malgré les critiques, le réalisateur a persisté à suivre sa vision originale pour le film.",A1
852,"Malgré les critiques, le réalisateur a persisté à suivre sa vision originale pour le film.",A1
853,"Bien que le temps soit froid, nous avons décidé de faire une promenade.",A1
854,"Bien que le temps soit froid, nous avons décidé de faire une promenade.",C1
855,"Quand j'étais petit, j'allais à l'école à pied.",C1
856,Elle mange souvent des fruits au petit déjeuner.,A1
857,"Quand j'étais petit, j'allais à l'école à pied.",A1
858,"Malgré les critiques, le réalisateur a persisté à suivre sa vision originale pour le film.",C1
859,"Bien que le temps soit froid, nous avons décidé de faire une promenade.",A1
860,Le chat dort sur le sofa.,A1
861,Elle mange souvent des fruits au petit déjeuner.,A1
862,"Bien que le temps soit froid, nous avons décidé de faire une promenade.",A1
863,"Quand j'étais petit, j'allais à l'école à pied.",C1
864,"Quand j'étais petit, j'allais à l'école à pied.",C1
865,"Malgré les critiques, le réalisateur a persisté à suivre sa vision originale pour le film.",A1
866,"Malgré les critiques, le réalisateur a persisté à suivre sa vision originale pour le film.",C1
867,Le chat dort sur le sofa.,A1
868,"Quand j'étais petit, j'allais à l'école à pied.",A1
869,Elle mange souvent des fruits au petit déjeuner.,C1
870,"Malgré les critiques, le réalisateur a persisté à suivre sa vision originale pour le film.",C1
871,Elle mange souvent des fruits au petit déjeuner.,C1
872,"Malgré les critiques, le réalisateur a persisté à suivre sa vision originale pour le film.",A1
873,Elle mange souvent des fruits au petit déjeuner.,A1
874,"Malgré les critiques, le réalisateur a persisté à suivre sa vision originale pour le film.",A1
875,"Malgré les critiques, le réalisateur a persisté à suivre sa vision originale pour le film.",C1
876,Le chat dort sur le sofa.,C1
877,Le chat dort sur le sofa.,A1
878,Le chat dort sur le sofa.,A1
879,"Bien que le temps soit froid, nous avons décidé de faire une promenade.",A1
880,Elle mange souvent des fruits au petit déjeuner.,C1
881,Elle mange souvent des fruits au petit déjeuner.,C1
882,Elle mange souvent des fruits au petit déjeuner.,A1
883,Elle mange souvent des fruits au petit déjeuner.,A1
884,Le chat dort sur le sofa.,A1
885,"Malgré les critiques, le réalisateur a persisté à suivre sa vision originale pour le film.",C1
886,"Malgré les critiques, le réalisateur a persisté à suivre sa vision originale pour le film.",C1
887,"Quand j'étais petit, j'allais à l'école à pied.",A1
888,"Bien que le temps soit froid, nous avons décidé de faire une promenade.",A1
889,"Bien que le temps soit froid, nous avons décidé de faire une promenade.",C1
890,Elle mange souvent des fruits au petit déjeuner.,C1
891,"Bien que le temps soit froid, nous avons décidé de faire une promenade.",A1
892,"Malgré les critiques, le réalisateur a persisté à suivre sa vision originale pour le film.",C1
893,Le chat dort sur le sofa.,C1
894,"Bien que le temps soit froid, nous avons décidé de faire une promenade.",A1
895,Elle mange souvent des fruits au petit déjeuner.,C1
896,Elle mange souvent des fruits au petit déjeuner.,A1
897,"Quand j'étais petit, j'allais à l'école à pied.",C1
898,Elle mange souvent des fruits au petit déjeuner.,C1
899,"Malgré les critiques, le réalisateur a persisté à suivre sa vision originale pour le film.",A1
900,Elle mange souvent des fruits au petit déjeuner.,C1
901,Elle mange souvent des fruits au petit déjeuner.,A1
902,Elle mange souvent des fruits au petit déjeuner.,A1
903,"Malgré les critiques, le réalisateur a persisté à suivre sa vision originale pour le film.",A1
904,"Bien que le temps soit froid, nous avons décidé de faire une promenade.",C1
905,Elle mange souvent des fruits au petit déjeuner.,A1
906,"Bien que le temps soit froid, nous avons décidé de faire une promenade.",C1
907,Elle mange souvent des fruits au petit déjeuner.,C1
908,Elle mange souvent des fruits au petit déjeuner.,A1
909,Elle mange souvent des fruits au petit déjeuner.,C1
910,"Quand j'étais petit, j'allais à l'école à pied.",C1
911,"Quand j'étais petit, j'allais à l'école à pied.",A1
912,"Bien que le temps soit froid, nous avons décidé de faire une promenade.",A1
913,"Quand j'étais petit, j'allais à l'école à pied.",A1
914,"Malgré les critiques, le réalisateur a persisté à suivre sa vision originale pour le film.",C1
915,"Quand j'étais petit, j'allais à l'école à pied.",C1
916,"Malgré les critiques, le réalisateur a persisté à suivre sa vision originale pour le film.",A1
917,"Malgré les critiques, le réalisateur a persisté à suivre sa vision originale pour le film.",A1
918,"Quand j'étais petit, j'allais à l'école à pied.",A1
919,"Bien que le temps soit froid, nous avons décidé de faire une promenade.",C1
920,Le chat dort sur le sofa.,C1
921,Le chat dort sur le sofa.,A1
922,Le chat dort sur le sofa.,A1
923,"Bien que le temps soit froid, nous avons décidé de faire une promenade.",C1
924,Elle mange souvent des fruits au petit déjeuner.,C1
925,Le chat dort sur le sofa.,A1
926,Elle mange souvent des fruits au petit déjeuner.,C1
927,"Malgré les critiques, le réalisateur a persisté à suivre sa vision originale pour le film.",A1
928,Le chat dort sur le sofa.,C1
929,Elle mange souvent des fruits au petit déjeuner.,A1
930,"Quand j'étais petit, j'allais à l'école à pied.",C1
931,Le chat dort sur le sofa.,A1
932,"Malgré les critiques, le réalisateur a persisté à suivre sa vision originale pour le film.",A1
933,Elle mange souvent des fruits au petit déjeuner.,A1
934,"Quand j'étais petit, j'allais à l'école à pied.",A1
935,"Quand j'étais petit, j'allais à l'école à pied.",C1
936,Le chat dort sur le sofa.,C1
937,Le chat dort sur le sofa.,A1
938,Elle mange souvent des fruits au petit déjeuner.,C1
939,"Bien que le temps soit froid, nous avons décidé de faire une promenade.",C1
940,Le chat dort sur le sofa.,C1
941,"Malgré les critiques, le réalisateur a persisté à suivre sa vision originale pour le film.",A1
942,Le chat dort sur le sofa.,C1
943,Le chat dort sur le sofa.,C1
944,"Quand j'étais petit, j'allais à l'école à pied.",A1
945,Elle mange souvent des fruits au petit déjeuner.,C1
946,Le chat dort sur le sofa.,A1
947,"Bien que le temps soit froid, nous avons décidé de faire une promenade.",A1
948,"Bien que le temps soit froid, nous avons décidé de faire une promenade.",C1
949,Le chat dort sur le sofa.,A1
950,Elle mange souvent des fruits au petit déjeuner.,A1
951,Elle mange souvent des fruits au petit déjeuner.,C1
952,Elle mange souvent des fruits au petit déjeuner.,C1
953,Elle mange souvent des fruits au petit déjeuner.,C1
954,Le chat dort sur le sofa.,C1
955,"Bien que le temps soit froid, nous avons décidé de faire une promenade.",A1
956,Elle mange souvent des fruits au petit déjeuner.,A1
957,"Quand j'étais petit, j'allais à l'école à pied.",C1
958,"Quand j'étais petit, j'allais à l'école à pied.",A1
959,"Bien que le temps soit froid, nous avons décidé de faire une promenade.",A1
960,Elle mange souvent des fruits au petit déjeuner.,A1
961,Le chat dort sur le sofa.,A1
962,Elle mange souvent des fruits au petit déjeuner.,A1
963,"Bien que le temps soit froid, nous avons décidé de faire une promenade.",A1
964,Le chat dort sur le sofa.,A1
965,Elle mange souvent des fruits au petit déjeuner.,C1
966,"Bien que le temps soit froid, nous avons décidé de faire une promenade.",A1
967,"Malgré les critiques, le réalisateur a persisté à suivre sa vision originale pour le film.",C1
968,"Quand j'étais petit, j'allais à l'école à pied.",C1
969,Le chat dort sur le sofa.,C1
970,"Quand j'étais petit, j'allais à l'école à pied.",C1
971,"Malgré les critiques, le réalisateur a persisté à suivre sa vision originale pour le film.",C1
972,Elle mange souvent des fruits au petit déjeuner.,A1
973,"Bien que le temps soit froid, nous avons décidé de faire une promenade.",A1
974,"Quand j'étais petit, j'allais à l'école à pied.",A1
975,Le chat dort sur le sofa.,C1
976,Elle mange souvent des fruits au petit déjeuner.,C1
977,Elle mange souvent des fruits au petit déjeuner.,C1
978,"Quand j'étais petit, j'allais à l'école à pied.",C1
979,Le chat dort sur le sofa.,A1
980,Le chat dort sur le sofa.,A1
981,"Bien que le temps soit froid, nous avons décidé de faire une promenade.",C1
982,"Malgré les critiques, le réalisateur a persisté à suivre sa vision originale pour le film.",A1
983,Le chat dort sur le sofa.,C1
984,"Malgré les critiques, le réalisateur a persisté à suivre sa vision originale pour le film.",A1
985,Le chat dort sur le sofa.,C1
986,Elle mange souvent des fruits au petit déjeuner.,A1
987,Elle mange souvent des fruits au petit déjeuner.,C1
988,Elle mange souvent des fruits au petit déjeuner.,A1
989,Le chat dort sur le sofa.,A1
990,Elle mange souvent des fruits au petit déjeuner.,C1
991,"Malgré les critiques, le réalisateur a persisté à suivre sa vision originale pour le film.",C1
992,"Malgré les critiques, le réalisateur a persisté à suivre sa vision originale pour le film.",C1
993,"Malgré les critiques, le réalisateur a persisté à suivre sa vision originale pour le film.",A1
994,"Quand j'étais petit, j'allais à l'école à pied.",A1
995,"Malgré les critiques, le réalisateur a persisté à suivre sa vision originale pour le film.",A1
996,"Malgré les critiques, le réalisateur a persisté à suivre sa vision originale pour le film.",A1
997,"Malgré les critiques, le réalisateur a persisté à suivre sa vision originale pour le film.",A1
998,"Bien que le temps soit froid, nous avons décidé de faire une promenade.",C1
999,"Malgré les critiques, le réalisateur a persisté à suivre sa vision originale pour le film.",C1
